Employee_Name,Age,Salary,Experience,Department,Education,City,Remote_Work,Performance_Score,Target
Emily Jones,56,35287,22,Sales,Master,San Francisco,Yes,7,Not Promoted
Jessica Williams,46,64387,37,HR,PhD,Los Angeles,No,2,Not Promoted
Sarah Jones,32,38512,19,Finance,Bachelor,New York,Yes,4,Not Promoted
John Smith,60,31342,22,Marketing,PhD,Houston,No,7,Not Promoted
Jane Garcia,25,93076,15,HR,High School,Houston,Yes,3,Promoted
Robert Wilson,38,49216,7,Marketing,PhD,Chicago,No,2,Not Promoted
Daniel Jones,56,109767,20,Finance,PhD,San Francisco,Yes,2,Not Promoted
Jane Davis,36,56614,0,Marketing,Bachelor,Chicago,No,1,Not Promoted
Jessica Davis,40,66258,7,Sales,Master,Chicago,Yes,5,Promoted
Robert Jones,28,72078,28,Sales,Master,San Francisco,No,6,Promoted
Jane Miller,28,113524,31,Marketing,PhD,New York,No,6,Not Promoted
Sarah Wilson,41,42219,37,HR,PhD,Chicago,No,9,Not Promoted
Jane Martinez,53,30235,4,HR,Master,Chicago,Yes,4,Promoted
Robert Miller,57,72929,21,HR,Master,Houston,Yes,1,Not Promoted
David Brown,41,97444,33,Marketing,Bachelor,San Francisco,Yes,6,Not Promoted
Laura Wilson,20,38567,0,HR,High School,Los Angeles,No,5,Not Promoted
Sarah Brown,39,100792,25,Finance,PhD,New York,Yes,6,Not Promoted
Jessica Brown,19,95441,9,Sales,Master,New York,No,3,Promoted
Robert Davis,41,114555,29,Finance,PhD,San Francisco,Yes,2,Promoted
Robert Davis,61,103698,17,HR,PhD,Houston,Yes,6,Promoted
Jane Wilson,47,35415,16,Finance,Master,Houston,Yes,1,Not Promoted
Michael Wilson,55,66159,25,HR,Bachelor,San Francisco,Yes,7,Not Promoted
Daniel Brown,19,73925,7,Marketing,PhD,Houston,No,7,Promoted
Jane Martinez,38,35951,39,Finance,Bachelor,New York,Yes,7,Promoted
Laura Martinez,50,117388,11,Marketing,Master,New York,Yes,1,Promoted
Sarah Martinez,29,38007,26,Marketing,High School,Los Angeles,No,4,Not Promoted
Michael Davis,39,71832,7,IT,High School,San Francisco,No,7,Promoted
Robert Garcia,61,88596,24,HR,PhD,Chicago,Yes,9,Not Promoted
Laura Williams,42,60523,3,Sales,Master,Chicago,Yes,5,Not Promoted
Michael Brown,44,118861,32,HR,Bachelor,Los Angeles,No,2,Promoted
David Smith,59,116740,0,Sales,PhD,Los Angeles,No,7,Promoted
Laura Brown,45,45524,18,HR,Master,Houston,No,1,Not Promoted
Emily Brown,33,49282,30,Marketing,Master,Los Angeles,Yes,7,Promoted
David Martinez,32,53930,15,Finance,Bachelor,Los Angeles,Yes,6,Promoted
Jane Johnson,64,30077,13,Finance,PhD,Chicago,Yes,7,Not Promoted
Emily Miller,61,50611,4,IT,Master,Houston,No,3,Not Promoted
Jessica Johnson,20,46984,25,Sales,Master,Los Angeles,No,3,Not Promoted
Daniel Johnson,54,44060,27,Sales,Master,Los Angeles,No,7,Not Promoted
John Wilson,24,112985,1,Sales,Bachelor,Houston,Yes,2,Not Promoted
Jane Davis,38,114056,5,Marketing,PhD,San Francisco,No,1,Promoted
Jessica Jones,26,73303,8,Sales,PhD,Houston,Yes,9,Not Promoted
Emily Smith,56,89207,32,Finance,PhD,Chicago,No,9,Not Promoted
Emily Garcia,35,105046,24,Marketing,PhD,San Francisco,Yes,7,Not Promoted
Michael Smith,21,59287,12,HR,High School,New York,Yes,7,Promoted
Sarah Smith,42,69711,8,Sales,High School,Houston,No,3,Not Promoted
Jessica Jones,31,41954,12,Sales,PhD,Chicago,Yes,2,Not Promoted
John Garcia,26,103340,30,HR,Bachelor,San Francisco,No,7,Not Promoted
Daniel Wilson,43,102101,10,Sales,High School,Houston,Yes,9,Promoted
Jane Martinez,19,101520,3,HR,Master,Los Angeles,No,1,Not Promoted
Jessica Davis,37,117062,33,Marketing,High School,Houston,No,4,Not Promoted
Michael Johnson,45,48574,37,Finance,Master,New York,Yes,6,Not Promoted
Robert Jones,64,39184,3,HR,PhD,Houston,No,7,Promoted
Emily Williams,24,49096,37,IT,High School,San Francisco,Yes,7,Promoted
Jane Martinez,61,97728,18,HR,Bachelor,San Francisco,No,2,Promoted
Michael Davis,25,64016,5,Sales,High School,Houston,No,4,Promoted
Jessica Johnson,64,41246,33,Marketing,High School,San Francisco,No,5,Not Promoted
Emily Garcia,52,75558,17,Marketing,High School,Los Angeles,No,1,Not Promoted
Robert Brown,31,48381,12,HR,PhD,Houston,Yes,1,Promoted
John Miller,34,66455,22,Finance,Bachelor,Los Angeles,No,3,Promoted
Jessica Miller,53,34018,18,IT,High School,Los Angeles,No,3,Not Promoted
David Garcia,57,41302,10,Marketing,Bachelor,Chicago,Yes,8,Not Promoted
Jane Smith,21,97506,0,Sales,PhD,Houston,Yes,9,Promoted
John Williams,19,71157,23,Sales,Master,San Francisco,Yes,1,Promoted
Emily Martinez,23,84917,6,Finance,High School,Los Angeles,Yes,2,Promoted
John Smith,59,113122,24,Marketing,Bachelor,Chicago,Yes,2,Promoted
David Wilson,21,54519,20,HR,Bachelor,Houston,Yes,4,Not Promoted
David Jones,46,117487,14,Sales,PhD,Houston,No,2,Promoted
Laura Miller,35,86819,0,Finance,High School,New York,Yes,7,Promoted
Jessica Brown,43,110910,11,Marketing,Master,New York,No,9,Not Promoted
Daniel Smith,61,101324,6,Marketing,Bachelor,Los Angeles,Yes,7,Not Promoted
Sarah Martinez,51,35408,14,Marketing,High School,New York,No,6,Not Promoted
Jessica Wilson,27,89379,20,Marketing,Master,Los Angeles,No,1,Not Promoted
Daniel Smith,53,55053,18,Marketing,Bachelor,San Francisco,No,9,Not Promoted
Daniel Brown,31,39446,28,Sales,Bachelor,Los Angeles,Yes,5,Promoted
Laura Martinez,48,30922,24,Finance,Master,New York,Yes,5,Promoted
John Smith,32,81356,32,Marketing,Master,San Francisco,Yes,6,Promoted
Daniel Miller,25,40789,31,IT,PhD,New York,Yes,9,Not Promoted
Sarah Davis,31,96656,34,IT,High School,Los Angeles,No,8,Promoted
David Wilson,40,74028,37,Finance,High School,Chicago,Yes,8,Not Promoted
Robert Garcia,57,94484,25,HR,PhD,Houston,No,8,Promoted
Jessica Smith,38,62154,10,HR,Bachelor,New York,No,1,Promoted
Jessica Miller,33,112870,34,HR,Master,Los Angeles,Yes,1,Not Promoted
Sarah Garcia,62,32336,7,IT,Master,San Francisco,Yes,8,Not Promoted
Michael Williams,35,97779,13,HR,Master,New York,Yes,5,Promoted
Emily Davis,64,49029,9,Sales,Bachelor,New York,No,9,Promoted
Sarah Williams,41,89201,1,Marketing,Master,Houston,Yes,2,Promoted
Robert Miller,43,62265,8,IT,Master,Los Angeles,No,9,Promoted
Jessica Smith,42,73872,2,Finance,PhD,Chicago,Yes,8,Promoted
Laura Davis,62,76197,20,Finance,Bachelor,San Francisco,No,9,Not Promoted
Robert Davis,58,85180,25,Marketing,High School,Los Angeles,Yes,4,Not Promoted
Robert Wilson,46,53710,7,IT,PhD,San Francisco,Yes,1,Not Promoted
Laura Garcia,32,59486,1,HR,PhD,New York,No,1,Not Promoted
Daniel Martinez,62,101907,5,HR,High School,Houston,Yes,5,Promoted
Jane Davis,18,101895,27,Sales,PhD,Houston,Yes,2,Promoted
Robert Williams,42,94435,28,Sales,Bachelor,Chicago,Yes,8,Not Promoted
Daniel Garcia,24,70631,25,HR,Master,Houston,Yes,5,Promoted
John Johnson,26,50103,24,Finance,Bachelor,New York,Yes,5,Not Promoted
Jane Garcia,41,94772,11,Finance,High School,Chicago,Yes,2,Promoted
John Williams,18,44382,4,Sales,High School,Los Angeles,Yes,7,Promoted
Laura Jones,61,114291,33,Marketing,PhD,Houston,No,8,Promoted
Daniel Davis,25,33756,36,HR,Bachelor,Chicago,No,1,Not Promoted
Jessica Martinez,41,50609,14,Sales,Bachelor,New York,Yes,2,Not Promoted
Robert Jones,28,46478,35,Sales,High School,San Francisco,Yes,4,Not Promoted
David Wilson,34,69666,14,HR,Bachelor,San Francisco,Yes,5,Not Promoted
Emily Jones,25,105683,22,HR,High School,New York,No,2,Promoted
Daniel Brown,52,101315,5,Finance,Bachelor,New York,No,1,Promoted
Michael Davis,52,107834,20,Marketing,Bachelor,San Francisco,Yes,9,Promoted
Robert Miller,50,44153,22,Marketing,Bachelor,Chicago,No,1,Promoted
Michael Davis,22,106325,15,HR,High School,San Francisco,Yes,4,Not Promoted
David Davis,59,42999,14,IT,PhD,New York,Yes,2,Promoted
Jane Miller,56,85318,24,Sales,Bachelor,Houston,Yes,4,Promoted
Jessica Smith,58,30814,35,Sales,High School,Los Angeles,Yes,8,Promoted
Sarah Smith,45,106077,10,HR,High School,Houston,No,8,Not Promoted
John Wilson,24,32443,14,IT,Bachelor,Houston,No,9,Not Promoted
Jessica Davis,26,105993,3,Finance,Bachelor,New York,Yes,5,Not Promoted
Laura Smith,25,105916,20,HR,PhD,San Francisco,No,7,Promoted
Jane Williams,29,103319,12,HR,High School,Chicago,No,3,Not Promoted
John Brown,51,47368,21,Sales,High School,Houston,Yes,4,Promoted
Jessica Garcia,50,45328,18,HR,Master,San Francisco,No,9,Promoted
Jessica Miller,40,86942,33,HR,High School,Chicago,Yes,1,Promoted
Emily Jones,41,57306,13,HR,PhD,Houston,Yes,2,Not Promoted
Daniel Williams,54,115451,3,Sales,Master,Chicago,Yes,5,Not Promoted
Laura Davis,52,69915,26,Finance,Master,San Francisco,Yes,3,Promoted
John Martinez,61,67219,28,Finance,Master,Los Angeles,No,2,Promoted
Robert Wilson,57,110879,27,HR,Bachelor,San Francisco,Yes,1,Not Promoted
Daniel Davis,39,94644,34,Sales,Bachelor,New York,No,3,Not Promoted
Jane Miller,44,90279,7,Finance,High School,Chicago,Yes,1,Not Promoted
Laura Williams,52,83028,15,Finance,Master,Los Angeles,Yes,1,Promoted
Michael Johnson,18,30126,35,Finance,PhD,Chicago,No,1,Promoted
Emily Garcia,52,82329,29,Sales,Bachelor,Chicago,Yes,8,Promoted
Emily Martinez,54,57632,17,Sales,PhD,Houston,No,3,Not Promoted
David Johnson,64,95310,1,HR,PhD,New York,No,1,Not Promoted
Jessica Martinez,31,85176,12,Marketing,Bachelor,Chicago,Yes,7,Not Promoted
Laura Williams,20,116066,3,Finance,Bachelor,San Francisco,Yes,3,Promoted
Emily Wilson,18,74327,25,Marketing,Bachelor,San Francisco,Yes,8,Promoted
Jessica Martinez,22,98904,24,Sales,Bachelor,Houston,Yes,4,Not Promoted
David Miller,43,33797,29,Sales,Master,New York,Yes,4,Promoted
Sarah Jones,31,77882,10,Sales,Master,New York,Yes,5,Not Promoted
Robert Martinez,56,43718,6,Marketing,Master,San Francisco,No,6,Promoted
Laura Miller,44,64560,30,Sales,Master,Los Angeles,No,7,Not Promoted
Emily Garcia,26,106589,9,HR,High School,Houston,Yes,4,Promoted
Sarah Brown,32,52116,38,Sales,Master,Houston,No,8,Promoted
Robert Jones,32,66244,12,IT,Bachelor,San Francisco,No,6,Not Promoted
Jane Johnson,43,31645,30,Marketing,PhD,San Francisco,Yes,1,Not Promoted
Emily Garcia,59,77523,6,IT,Master,Los Angeles,Yes,1,Not Promoted
John Miller,30,49256,35,Sales,High School,Los Angeles,No,9,Not Promoted
Jane Johnson,49,83173,19,HR,Bachelor,New York,Yes,6,Not Promoted
Robert Wilson,56,67430,3,Finance,PhD,Houston,No,8,Promoted
John Miller,49,69282,6,Sales,PhD,Houston,Yes,7,Not Promoted
Robert Garcia,21,93374,0,HR,Master,San Francisco,No,6,Not Promoted
Robert Miller,47,98244,12,Marketing,PhD,New York,No,4,Not Promoted
Daniel Brown,54,41694,21,IT,Master,Houston,No,7,Promoted
Emily Williams,40,86264,20,IT,Master,New York,No,9,Not Promoted
Jane Smith,56,105060,21,IT,Bachelor,New York,Yes,7,Not Promoted
John Wilson,62,87545,27,Marketing,Bachelor,San Francisco,Yes,1,Not Promoted
Michael Williams,32,69224,8,HR,High School,New York,No,9,Promoted
Jane Smith,60,43224,25,Marketing,Bachelor,Los Angeles,No,4,Promoted
Sarah Davis,46,70738,8,IT,Bachelor,Los Angeles,Yes,3,Not Promoted
Laura Miller,53,55150,14,Sales,Master,Chicago,Yes,4,Promoted
Emily Martinez,30,93731,9,Finance,Bachelor,San Francisco,No,4,Not Promoted
Jane Williams,49,79688,23,Marketing,Master,Chicago,No,2,Promoted
David Smith,24,103509,7,Marketing,Master,Los Angeles,No,1,Not Promoted
Jessica Garcia,39,38577,23,HR,Bachelor,Chicago,No,1,Promoted
Emily Jones,45,38070,15,HR,High School,San Francisco,No,8,Not Promoted
Jessica Brown,19,38666,25,Marketing,High School,San Francisco,Yes,2,Not Promoted
Michael Johnson,59,87761,26,IT,PhD,New York,No,5,Promoted
David Brown,62,66368,36,Finance,PhD,Houston,Yes,4,Not Promoted
Michael Miller,23,36783,3,HR,Bachelor,New York,Yes,8,Not Promoted
Jessica Johnson,45,71914,23,IT,High School,San Francisco,Yes,2,Not Promoted
Sarah Davis,45,100507,18,Sales,Master,Los Angeles,No,9,Not Promoted
John Smith,61,109026,35,HR,PhD,Los Angeles,Yes,7,Promoted
Laura Davis,61,97526,38,IT,Master,New York,Yes,7,Not Promoted
Robert Smith,37,100835,9,IT,PhD,San Francisco,Yes,1,Promoted
John Williams,47,75765,24,Finance,Bachelor,Los Angeles,Yes,2,Promoted
David Jones,28,49956,17,Finance,High School,San Francisco,No,4,Promoted
Sarah Garcia,45,117895,18,Sales,PhD,Los Angeles,No,4,Promoted
Robert Martinez,42,76240,35,IT,High School,San Francisco,Yes,3,Not Promoted
Robert Wilson,56,67148,9,IT,Master,Chicago,Yes,7,Not Promoted
John Davis,50,34757,32,Finance,Bachelor,San Francisco,No,8,Promoted
John Davis,18,49097,4,HR,High School,San Francisco,No,2,Not Promoted
Laura Garcia,44,40395,34,HR,Bachelor,New York,No,4,Promoted
Daniel Brown,30,46241,33,Marketing,High School,Chicago,Yes,3,Not Promoted
Sarah Williams,58,57696,32,Finance,Master,Houston,No,2,Not Promoted
Daniel Davis,20,100480,20,Marketing,Master,New York,Yes,6,Not Promoted
Michael Wilson,56,76163,16,Finance,Bachelor,Houston,Yes,4,Promoted
David Davis,23,49816,21,Sales,Master,Los Angeles,No,6,Promoted
Jessica Smith,25,79840,36,IT,PhD,Houston,Yes,2,Not Promoted
Jane Davis,44,82853,14,Sales,High School,San Francisco,No,4,Promoted
Jane Davis,26,54917,34,Finance,Master,Houston,Yes,6,Promoted
Daniel Johnson,54,51566,27,IT,PhD,New York,No,5,Not Promoted
Robert Williams,50,105452,6,HR,Bachelor,New York,Yes,3,Promoted
Jane Davis,59,92823,31,HR,PhD,Houston,Yes,8,Not Promoted
David Smith,61,50806,10,Marketing,Bachelor,New York,No,7,Not Promoted
David Brown,41,105520,9,Finance,Bachelor,New York,No,3,Not Promoted
Robert Miller,32,31759,8,Finance,High School,Houston,No,6,Promoted
Jessica Jones,49,71949,13,HR,High School,Chicago,No,4,Not Promoted
Jane Martinez,49,32482,12,Sales,PhD,Chicago,Yes,5,Not Promoted
Jessica Miller,41,54442,24,IT,High School,Los Angeles,No,5,Promoted
Laura Davis,58,63719,1,Sales,High School,New York,No,7,Promoted
Daniel Davis,29,88066,34,Sales,High School,Houston,Yes,5,Promoted
Michael Miller,56,32079,6,HR,PhD,New York,No,3,Promoted
Robert Johnson,19,32717,20,HR,Master,San Francisco,No,5,Not Promoted
Michael Williams,20,89676,17,HR,High School,New York,Yes,7,Promoted
Laura Miller,54,57952,2,Marketing,High School,New York,No,5,Promoted
John Martinez,34,116444,38,Sales,PhD,Chicago,No,5,Promoted
David Davis,19,72460,10,Finance,Master,Houston,No,9,Promoted
Daniel Martinez,19,102847,38,IT,High School,New York,No,3,Not Promoted
John Smith,45,119106,23,Marketing,Bachelor,Chicago,No,6,Promoted
Michael Miller,40,48449,18,Finance,PhD,Los Angeles,No,1,Not Promoted
Jane Wilson,54,63536,3,Sales,High School,Chicago,Yes,5,Promoted
John Smith,49,94077,25,HR,High School,Chicago,No,8,Not Promoted
David Williams,50,68258,37,Sales,Bachelor,Chicago,Yes,5,Not Promoted
John Williams,18,78302,31,IT,Bachelor,New York,Yes,9,Promoted
Michael Johnson,36,58865,38,Marketing,PhD,New York,Yes,6,Not Promoted
Daniel Smith,19,36645,35,Marketing,PhD,Los Angeles,Yes,8,Promoted
Robert Williams,61,68000,39,IT,Bachelor,San Francisco,No,8,Not Promoted
David Wilson,43,56737,36,Finance,PhD,San Francisco,No,3,Not Promoted
David Smith,49,41485,32,Finance,Bachelor,San Francisco,No,7,Not Promoted
Emily Martinez,23,68565,35,Marketing,High School,Los Angeles,Yes,7,Promoted
Jane Davis,49,55522,2,Marketing,Bachelor,San Francisco,No,6,Not Promoted
Emily Jones,21,95155,8,HR,Bachelor,San Francisco,No,7,Promoted
Sarah Williams,28,85168,7,Finance,Master,Chicago,No,2,Not Promoted
Emily Williams,34,82487,32,IT,Bachelor,New York,Yes,9,Not Promoted
David Miller,55,42342,5,Finance,Bachelor,New York,Yes,1,Not Promoted
David Davis,41,70806,38,HR,Master,Chicago,No,1,Not Promoted
Daniel Wilson,22,78770,3,Marketing,PhD,Chicago,Yes,3,Not Promoted
Robert Davis,51,108623,12,Marketing,Master,Chicago,Yes,3,Not Promoted
Sarah Smith,23,105629,1,HR,High School,New York,No,1,Promoted
Jessica Williams,39,82603,4,IT,Master,San Francisco,Yes,7,Promoted
John Jones,28,111974,26,Marketing,High School,Chicago,Yes,4,Promoted
Jessica Williams,33,56399,31,Sales,PhD,Los Angeles,No,2,Not Promoted
Jessica Garcia,50,115382,20,Marketing,Master,Chicago,Yes,5,Promoted
Michael Martinez,26,111244,7,Sales,Master,Houston,Yes,6,Not Promoted
Michael Smith,23,106534,37,HR,PhD,Chicago,Yes,9,Promoted
Jane Miller,33,85106,7,HR,High School,New York,Yes,4,Promoted
Laura Johnson,46,60678,2,Marketing,Master,Chicago,Yes,2,Not Promoted
Emily Smith,20,106218,2,Finance,High School,Houston,Yes,5,Not Promoted
John Jones,37,93230,21,Sales,Master,Los Angeles,Yes,3,Promoted
Laura Martinez,53,104055,5,IT,Bachelor,San Francisco,Yes,2,Promoted
Jessica Brown,36,86373,1,Marketing,Master,Chicago,No,1,Promoted
Michael Smith,43,61480,22,IT,PhD,Houston,No,2,Promoted
Michael Smith,20,115230,1,Marketing,PhD,Houston,No,6,Not Promoted
Jessica Smith,36,98836,37,Finance,High School,Los Angeles,No,8,Promoted
David Martinez,37,102258,16,Finance,Master,New York,Yes,3,Not Promoted
Robert Williams,49,69986,34,Finance,High School,Chicago,No,9,Not Promoted
Daniel Martinez,24,54160,33,Finance,High School,Houston,No,9,Promoted
Jane Wilson,58,115595,22,HR,Bachelor,Los Angeles,Yes,2,Not Promoted
Laura Miller,50,109111,29,HR,Bachelor,San Francisco,Yes,8,Promoted
Sarah Garcia,57,94929,7,Sales,PhD,Houston,Yes,5,Not Promoted
Robert Davis,56,103506,21,IT,High School,Los Angeles,Yes,4,Not Promoted
Laura Martinez,35,64911,35,Marketing,PhD,New York,Yes,5,Promoted
David Miller,57,117127,4,Marketing,Master,New York,No,4,Not Promoted
John Miller,18,61821,12,HR,High School,Houston,Yes,8,Not Promoted
Jane Miller,28,105039,28,Marketing,High School,Houston,No,4,Promoted
Daniel Garcia,45,90535,30,HR,Master,Chicago,No,6,Not Promoted
Daniel Wilson,42,114458,15,Sales,Master,Los Angeles,Yes,2,Not Promoted
Jessica Brown,40,42175,29,IT,PhD,Houston,No,5,Promoted
Jessica Miller,48,84771,15,Sales,PhD,Chicago,No,6,Promoted
Emily Miller,47,116925,11,Finance,Master,Chicago,Yes,5,Not Promoted
Michael Wilson,59,96358,16,Finance,PhD,Houston,No,2,Not Promoted
John Williams,52,47327,15,Finance,Master,New York,No,7,Not Promoted
Laura Miller,24,77057,11,Sales,High School,Los Angeles,No,4,Promoted
Laura Johnson,33,36150,7,Marketing,High School,Los Angeles,Yes,8,Not Promoted
Robert Davis,43,34425,19,IT,Bachelor,New York,Yes,7,Not Promoted
Sarah Williams,19,46032,2,Finance,High School,Houston,Yes,7,Not Promoted
John Johnson,18,32198,15,Finance,Master,Los Angeles,No,9,Not Promoted
Daniel Wilson,29,90500,29,Finance,PhD,Houston,Yes,1,Not Promoted
Jessica Garcia,22,83394,22,IT,Bachelor,Houston,No,6,Not Promoted
Daniel Davis,54,50079,27,Finance,PhD,Chicago,Yes,6,Promoted
Daniel Wilson,49,66220,39,IT,Master,New York,No,6,Promoted
Jane Miller,26,71874,4,Finance,High School,Houston,Yes,6,Not Promoted
Michael Miller,58,43859,19,Sales,Bachelor,San Francisco,Yes,7,Not Promoted
Michael Garcia,52,80460,39,Sales,Master,New York,No,6,Promoted
Sarah Wilson,36,61419,0,IT,Bachelor,Los Angeles,Yes,1,Promoted
Emily Martinez,33,38705,29,Sales,Bachelor,Chicago,No,3,Promoted
Jane Johnson,20,72880,20,IT,High School,Los Angeles,Yes,2,Not Promoted
Robert Johnson,37,53236,19,Sales,Master,Los Angeles,Yes,6,Not Promoted
Jane Williams,41,117955,5,Sales,PhD,New York,No,8,Not Promoted
Daniel Garcia,50,115514,21,IT,Bachelor,Los Angeles,No,3,Not Promoted
Jane Garcia,41,45358,17,Marketing,Bachelor,Houston,No,8,Promoted
Sarah Johnson,28,106918,7,Sales,PhD,Los Angeles,Yes,8,Promoted
Laura Davis,25,44596,38,Finance,Master,Chicago,No,5,Promoted
Emily Wilson,53,63572,31,Marketing,Bachelor,Chicago,Yes,8,Promoted
David Smith,55,108757,32,IT,Bachelor,San Francisco,No,6,Not Promoted
Jane Garcia,57,31279,15,Marketing,Bachelor,Chicago,No,5,Not Promoted
John Brown,37,93197,11,HR,Master,Los Angeles,No,9,Promoted
Jane Jones,52,92516,37,HR,Master,Chicago,No,7,Promoted
Sarah Davis,42,37083,33,Sales,PhD,New York,No,8,Promoted
David Garcia,52,47771,13,Sales,Master,Chicago,No,1,Promoted
Sarah Miller,42,59975,35,Finance,Master,Houston,Yes,2,Promoted
Sarah Johnson,46,75648,32,Marketing,High School,New York,No,8,Not Promoted
John Smith,35,78285,22,HR,PhD,San Francisco,Yes,9,Not Promoted
Jessica Williams,63,49063,1,Sales,Bachelor,Houston,No,4,Promoted
David Garcia,35,97642,20,Marketing,Master,Los Angeles,No,9,Promoted
Robert Garcia,19,116143,1,Sales,Bachelor,Los Angeles,No,4,Promoted
Jessica Miller,52,67599,26,Sales,Bachelor,Los Angeles,Yes,9,Not Promoted
Laura Johnson,33,81920,8,HR,High School,Houston,Yes,7,Not Promoted
Emily Smith,58,58529,0,HR,Master,Houston,No,2,Not Promoted
John Brown,53,65954,10,Sales,PhD,Houston,Yes,9,Promoted
Michael Jones,50,57856,2,IT,Master,New York,No,4,Not Promoted
John Wilson,21,32573,22,Sales,Bachelor,New York,No,8,Promoted
Emily Davis,50,108344,25,Sales,PhD,Los Angeles,Yes,7,Not Promoted
Laura Brown,31,65367,3,Finance,Master,Chicago,Yes,7,Not Promoted
Sarah Wilson,38,90774,17,Finance,Bachelor,Los Angeles,Yes,8,Not Promoted
Laura Wilson,37,53752,5,Finance,Bachelor,San Francisco,Yes,1,Promoted
Laura Wilson,25,85029,34,IT,High School,New York,No,5,Promoted
Michael Smith,24,47685,21,IT,High School,Houston,Yes,2,Not Promoted
Jessica Wilson,20,81693,14,Sales,High School,New York,Yes,2,Promoted
Laura Johnson,34,85961,21,Finance,Bachelor,Houston,No,1,Promoted
John Garcia,50,106908,36,IT,Master,San Francisco,Yes,5,Promoted
Robert Davis,29,104532,11,HR,High School,San Francisco,Yes,2,Promoted
Sarah Martinez,39,111994,37,Sales,Master,New York,Yes,4,Promoted
Emily Johnson,39,86133,17,Marketing,High School,Houston,Yes,3,Promoted
John Smith,63,91268,34,Sales,PhD,San Francisco,No,3,Promoted
Daniel Williams,47,68243,29,Marketing,PhD,Los Angeles,No,2,Not Promoted
David Brown,55,87384,23,Finance,High School,Los Angeles,Yes,6,Promoted
Sarah Garcia,55,61653,29,Marketing,Bachelor,Houston,Yes,2,Promoted
Sarah Martinez,62,56657,13,Finance,High School,New York,No,8,Not Promoted
Daniel Miller,25,69952,5,HR,High School,San Francisco,Yes,8,Not Promoted
Jane Wilson,44,52180,2,Marketing,Bachelor,New York,Yes,5,Not Promoted
Robert Martinez,44,108411,15,Sales,PhD,Los Angeles,Yes,7,Not Promoted
Emily Brown,51,31622,6,Finance,Master,San Francisco,Yes,4,Promoted
Robert Jones,38,78756,13,Sales,High School,New York,Yes,1,Not Promoted
John Brown,47,70809,8,IT,Bachelor,Chicago,Yes,2,Not Promoted
David Davis,50,46725,14,Finance,High School,Houston,Yes,4,Promoted
Michael Miller,45,91396,20,Marketing,Bachelor,Houston,Yes,1,Promoted
David Smith,64,81226,34,Finance,Master,Chicago,Yes,8,Promoted
Laura Miller,50,111182,1,Sales,Master,Los Angeles,No,9,Not Promoted
Jessica Smith,22,112565,26,HR,PhD,San Francisco,No,4,Promoted
Jane Williams,36,59402,1,Finance,Bachelor,Houston,No,3,Not Promoted
Jane Martinez,21,34263,34,Marketing,Bachelor,Chicago,Yes,2,Promoted
Laura Garcia,52,76828,17,IT,PhD,Chicago,Yes,5,Promoted
Jessica Williams,34,77924,13,HR,PhD,Los Angeles,No,3,Not Promoted
David Williams,61,104182,19,IT,Bachelor,Los Angeles,Yes,7,Promoted
Daniel Johnson,45,89052,17,Finance,PhD,New York,No,6,Promoted
Jessica Johnson,47,41664,9,Sales,Master,Houston,Yes,1,Promoted
John Wilson,46,65737,24,Sales,High School,New York,No,8,Promoted
Michael Martinez,63,119563,1,Marketing,Master,Chicago,No,2,Promoted
Michael Martinez,23,59373,24,Sales,PhD,San Francisco,No,5,Not Promoted
Robert Wilson,52,66397,32,HR,Bachelor,San Francisco,Yes,9,Not Promoted
John Wilson,58,116145,35,Sales,Bachelor,Los Angeles,No,8,Promoted
David Martinez,54,68709,30,Marketing,Master,San Francisco,Yes,2,Not Promoted
Michael Martinez,41,91120,13,Finance,Bachelor,San Francisco,Yes,9,Not Promoted
David Martinez,46,49250,0,Finance,PhD,San Francisco,Yes,5,Not Promoted
Laura Miller,63,51172,15,Sales,Master,Chicago,Yes,6,Promoted
Daniel Davis,48,41555,2,IT,Bachelor,San Francisco,Yes,3,Promoted
Robert Garcia,52,117410,34,Finance,High School,San Francisco,Yes,3,Promoted
Robert Martinez,50,108617,5,Sales,High School,San Francisco,Yes,8,Not Promoted
Daniel Miller,38,83276,24,Marketing,PhD,New York,No,2,Not Promoted
Robert Johnson,49,87492,12,Sales,Bachelor,Chicago,No,2,Promoted
Daniel Smith,40,83002,33,Finance,PhD,Los Angeles,No,5,Promoted
John Brown,50,119599,7,Marketing,Master,New York,Yes,6,Not Promoted
Emily Jones,20,102355,20,Sales,High School,Houston,Yes,2,Not Promoted
Jane Martinez,35,54762,33,HR,Master,Chicago,Yes,5,Promoted
Laura Williams,42,41046,3,Marketing,Bachelor,Chicago,Yes,7,Not Promoted
Sarah Jones,59,58769,24,HR,PhD,Houston,No,8,Not Promoted
Jessica Wilson,48,83302,14,IT,PhD,Houston,Yes,7,Not Promoted
Sarah Jones,20,53150,3,Marketing,PhD,Houston,No,8,Not Promoted
Sarah Miller,57,98247,11,HR,Master,Los Angeles,Yes,9,Not Promoted
Michael Garcia,63,34853,31,Finance,High School,San Francisco,No,5,Not Promoted
Emily Wilson,41,119399,31,Finance,Master,Chicago,Yes,5,Not Promoted
David Johnson,49,51792,27,IT,Master,San Francisco,No,4,Promoted
Laura Wilson,64,89129,12,Marketing,Bachelor,San Francisco,Yes,9,Promoted
Robert Johnson,39,104478,30,Marketing,Bachelor,Houston,No,5,Not Promoted
John Davis,40,97298,13,Marketing,Bachelor,Los Angeles,Yes,2,Not Promoted
David Smith,19,61987,19,IT,High School,New York,No,8,Not Promoted
Sarah Williams,44,45850,17,Marketing,High School,Los Angeles,No,7,Promoted
Laura Davis,59,42112,28,Finance,Bachelor,San Francisco,Yes,8,Promoted
Daniel Johnson,19,54058,5,HR,Bachelor,Los Angeles,No,3,Not Promoted
John Johnson,43,75420,31,Finance,High School,Houston,Yes,4,Promoted
Robert Wilson,34,68890,28,Finance,PhD,New York,Yes,5,Not Promoted
Emily Williams,57,96017,1,HR,High School,Houston,Yes,6,Not Promoted
John Smith,50,77304,22,Finance,High School,New York,No,1,Not Promoted
David Smith,26,62921,18,IT,High School,San Francisco,No,4,Not Promoted
Robert Smith,60,31524,30,HR,Bachelor,New York,Yes,5,Not Promoted
John Johnson,56,45048,4,Finance,PhD,New York,Yes,7,Not Promoted
Laura Brown,46,65111,18,Sales,High School,New York,No,5,Not Promoted
John Martinez,59,67904,33,Finance,Bachelor,Los Angeles,No,1,Promoted
Laura Garcia,43,84912,9,IT,Master,Los Angeles,No,7,Not Promoted
David Johnson,52,64008,24,Marketing,Master,San Francisco,Yes,8,Promoted
David Miller,42,30060,1,Finance,High School,New York,Yes,7,Not Promoted
John Williams,41,104666,10,Marketing,Master,Chicago,Yes,4,Not Promoted
Daniel Johnson,30,113559,30,Sales,PhD,San Francisco,Yes,8,Promoted
David Smith,24,85337,14,Finance,Master,New York,Yes,5,Promoted
Sarah Williams,53,43350,8,HR,Master,New York,No,9,Not Promoted
Emily Wilson,62,54354,22,Marketing,PhD,Los Angeles,Yes,5,Promoted
Daniel Brown,37,75186,18,Sales,High School,San Francisco,No,1,Not Promoted
Daniel Miller,18,58145,8,HR,High School,New York,No,9,Not Promoted
Robert Wilson,25,64020,34,HR,PhD,New York,Yes,5,Promoted
Jane Wilson,63,116123,20,HR,PhD,San Francisco,No,6,Promoted
Emily Miller,33,105186,8,HR,PhD,Chicago,Yes,4,Promoted
Jane Johnson,31,115469,27,Finance,Master,San Francisco,No,6,Promoted
Jane Wilson,29,50581,6,Finance,PhD,San Francisco,Yes,8,Not Promoted
John Jones,40,118929,15,Finance,Bachelor,Chicago,Yes,3,Promoted
Jessica Johnson,32,53051,15,Sales,Master,San Francisco,No,5,Promoted
David Garcia,45,81474,32,Sales,High School,New York,Yes,2,Promoted
Laura Jones,51,99626,3,Sales,High School,San Francisco,No,2,Promoted
Jane Brown,19,36960,3,IT,High School,Chicago,Yes,7,Promoted
Emily Jones,49,65772,38,Sales,Master,Houston,Yes,6,Not Promoted
Sarah Williams,40,51520,39,Finance,Bachelor,San Francisco,Yes,4,Not Promoted
David Johnson,39,79481,16,Finance,PhD,Los Angeles,No,5,Promoted
Daniel Johnson,42,66408,36,IT,PhD,New York,No,1,Promoted
Laura Johnson,39,87134,38,IT,High School,New York,Yes,7,Not Promoted
Laura Martinez,39,50491,28,Sales,High School,Los Angeles,No,8,Promoted
Michael Wilson,59,31341,35,Marketing,Master,Los Angeles,Yes,9,Not Promoted
Robert Williams,23,74623,37,IT,Bachelor,San Francisco,No,8,Not Promoted
Emily Williams,32,30338,38,HR,PhD,Los Angeles,No,5,Promoted
Laura Davis,60,101431,36,Finance,Master,Houston,Yes,3,Not Promoted
John Brown,54,42254,34,HR,PhD,Chicago,Yes,9,Promoted
Michael Smith,50,81860,6,Finance,High School,Los Angeles,Yes,6,Promoted
Emily Martinez,25,41344,26,Finance,PhD,Los Angeles,Yes,5,Not Promoted
Jessica Davis,61,31750,27,IT,Bachelor,Houston,Yes,3,Not Promoted
Laura Garcia,61,84756,21,IT,Bachelor,New York,No,6,Promoted
Emily Martinez,22,97957,13,HR,High School,New York,No,3,Not Promoted
Michael Wilson,56,88053,6,Finance,Bachelor,San Francisco,Yes,6,Promoted
Laura Martinez,21,100855,36,HR,Bachelor,Houston,Yes,4,Not Promoted
Sarah Davis,23,45896,21,Marketing,Master,Chicago,Yes,2,Not Promoted
Daniel Johnson,62,85761,4,HR,PhD,Chicago,No,8,Promoted
Jane Martinez,49,92552,1,Sales,High School,Houston,Yes,4,Promoted
Michael Martinez,47,107454,26,HR,High School,Chicago,Yes,9,Promoted
David Miller,64,57935,20,Sales,High School,New York,No,7,Not Promoted
Jane Garcia,52,67641,37,Sales,High School,Chicago,No,2,Promoted
Daniel Johnson,57,59711,14,Sales,High School,Chicago,No,4,Promoted
Emily Miller,33,100342,20,Marketing,Bachelor,Houston,No,5,Not Promoted
Jessica Wilson,30,42182,9,HR,Master,Houston,Yes,3,Not Promoted
David Martinez,59,117833,22,HR,High School,Chicago,No,9,Promoted
John Martinez,47,86276,38,Marketing,Master,Los Angeles,No,5,Promoted
Laura Davis,36,49541,4,Finance,Master,Houston,Yes,2,Promoted
Sarah Brown,34,112310,0,IT,Bachelor,San Francisco,Yes,3,Promoted
Laura Miller,36,74813,12,HR,High School,San Francisco,Yes,9,Not Promoted
John Brown,45,67198,20,IT,Bachelor,New York,No,7,Not Promoted
Jane Martinez,43,38820,25,Marketing,High School,Chicago,Yes,2,Promoted
Michael Johnson,54,54070,20,Finance,Bachelor,Los Angeles,No,9,Promoted
Sarah Johnson,43,99768,17,Finance,Master,New York,No,4,Promoted
John Miller,40,41122,36,Finance,High School,Chicago,No,9,Not Promoted
Laura Garcia,26,110559,31,Marketing,PhD,Houston,Yes,2,Promoted
Laura Wilson,29,103543,35,Sales,Master,San Francisco,No,4,Promoted
Jane Martinez,18,113441,16,Sales,PhD,Los Angeles,Yes,5,Not Promoted
Michael Garcia,18,71786,34,IT,Master,San Francisco,Yes,2,Not Promoted
Jessica Brown,64,36737,10,Sales,Bachelor,Houston,Yes,1,Promoted
Michael Miller,51,66062,20,Sales,High School,Chicago,No,7,Promoted
John Williams,49,84237,25,Finance,Master,Houston,No,1,Not Promoted
John Brown,42,81571,3,Finance,Bachelor,Houston,No,8,Promoted
Daniel Jones,57,55510,33,IT,High School,San Francisco,Yes,3,Promoted
David Williams,62,49426,17,HR,High School,Los Angeles,No,6,Not Promoted
Michael Jones,18,67265,39,IT,Master,Houston,No,7,Not Promoted
Sarah Garcia,33,47850,34,IT,High School,San Francisco,No,1,Not Promoted
Sarah Garcia,56,96150,28,Marketing,Master,Los Angeles,No,6,Promoted
Emily Jones,22,117312,28,Marketing,High School,Chicago,No,7,Not Promoted
Sarah Williams,39,119613,37,IT,PhD,Chicago,Yes,6,Not Promoted
Sarah Martinez,46,104910,20,IT,Bachelor,New York,Yes,4,Promoted
Sarah Martinez,20,82375,12,IT,PhD,San Francisco,Yes,1,Promoted
Laura Miller,29,65435,16,Sales,Master,Los Angeles,Yes,9,Not Promoted
Laura Davis,43,87132,8,Marketing,PhD,Houston,No,4,Not Promoted
Laura Brown,33,108945,0,IT,Master,Chicago,Yes,7,Promoted
Jessica Brown,54,112050,1,Finance,High School,Los Angeles,No,7,Promoted
John Wilson,39,32983,28,Finance,High School,San Francisco,Yes,2,Not Promoted
David Johnson,46,50662,32,Sales,Master,New York,Yes,1,Not Promoted
Laura Miller,31,53510,9,Sales,PhD,Chicago,Yes,8,Promoted
Laura Martinez,45,108187,39,HR,High School,Los Angeles,No,8,Not Promoted
John Williams,22,70998,20,HR,Bachelor,Los Angeles,No,7,Promoted
John Smith,64,86846,27,HR,High School,Los Angeles,Yes,8,Not Promoted
Jessica Johnson,47,36640,10,Sales,Bachelor,San Francisco,No,3,Promoted
John Garcia,63,74547,33,Sales,PhD,San Francisco,Yes,2,Promoted
Sarah Brown,22,84620,7,Sales,Bachelor,San Francisco,Yes,7,Not Promoted
Sarah Jones,29,45317,21,Finance,Bachelor,Houston,Yes,8,Not Promoted
John Smith,33,37564,7,Sales,Bachelor,Los Angeles,No,1,Promoted
Michael Miller,43,57345,14,Finance,Bachelor,Chicago,Yes,9,Not Promoted
John Johnson,43,109273,16,HR,High School,San Francisco,Yes,4,Not Promoted
Robert Smith,38,104859,22,HR,Bachelor,San Francisco,Yes,4,Not Promoted
Robert Williams,56,110765,23,HR,High School,Los Angeles,No,3,Promoted
Laura Miller,53,104038,18,IT,Bachelor,San Francisco,Yes,6,Not Promoted
Jessica Martinez,50,82393,4,IT,Master,Houston,No,1,Not Promoted
Emily Martinez,47,96081,31,Marketing,PhD,Houston,Yes,6,Promoted
Sarah Miller,54,59430,0,Marketing,Bachelor,San Francisco,No,2,Not Promoted
Jessica Martinez,40,105532,22,Marketing,Master,Los Angeles,Yes,9,Not Promoted
Michael Johnson,27,57788,36,IT,Bachelor,Los Angeles,Yes,2,Promoted
Emily Williams,22,78543,7,IT,Bachelor,Los Angeles,No,7,Promoted
John Garcia,53,43919,12,Marketing,Bachelor,New York,No,1,Not Promoted
Daniel Martinez,51,99346,7,Marketing,Master,San Francisco,Yes,7,Not Promoted
Jane Martinez,48,69974,22,Sales,PhD,Los Angeles,No,5,Promoted
Robert Jones,27,46371,0,Marketing,Master,Houston,Yes,8,Promoted
Robert Martinez,36,75084,23,Sales,PhD,Chicago,Yes,4,Not Promoted
Jessica Miller,49,59629,34,Finance,Bachelor,Chicago,Yes,7,Not Promoted
Sarah Smith,18,81184,23,IT,High School,Los Angeles,No,6,Not Promoted
Emily Brown,22,91916,16,Marketing,Bachelor,Chicago,Yes,5,Promoted
Emily Miller,62,103972,4,IT,PhD,Chicago,No,4,Not Promoted
Sarah Johnson,21,92187,19,IT,Master,New York,Yes,7,Promoted
Daniel Johnson,33,42984,20,IT,Bachelor,Houston,No,5,Promoted
Michael Wilson,41,63039,39,Finance,Master,Houston,No,5,Promoted
John Davis,33,115431,30,HR,Master,New York,Yes,1,Not Promoted
John Martinez,19,113691,35,Marketing,Master,New York,No,2,Not Promoted
John Jones,45,88606,10,HR,Bachelor,Chicago,Yes,5,Not Promoted
Robert Brown,49,40616,14,HR,Master,San Francisco,Yes,3,Promoted
Daniel Garcia,44,80072,18,HR,Master,Chicago,Yes,2,Not Promoted
Michael Jones,37,54574,6,IT,Bachelor,New York,Yes,4,Promoted
Robert Williams,41,33430,27,Sales,Master,Houston,Yes,4,Promoted
David Brown,29,42676,4,IT,Bachelor,Chicago,No,4,Promoted
Daniel Wilson,52,40816,4,IT,PhD,San Francisco,Yes,4,Promoted
Daniel Davis,50,62733,29,HR,PhD,Chicago,No,3,Promoted
Laura Johnson,50,115680,31,IT,PhD,Los Angeles,No,7,Promoted
Robert Davis,60,32050,7,HR,Master,Chicago,Yes,9,Not Promoted
David Martinez,54,63933,9,Sales,High School,New York,No,5,Promoted
Michael Williams,29,54951,37,Marketing,High School,Houston,Yes,4,Not Promoted
John Miller,20,62413,31,HR,Master,Houston,No,2,Promoted
Sarah Smith,18,64801,27,Sales,High School,New York,No,2,Not Promoted
Jane Brown,50,85619,16,Marketing,Bachelor,Los Angeles,No,5,Not Promoted
Daniel Garcia,57,62913,30,Finance,High School,New York,Yes,7,Not Promoted
Robert Williams,27,70600,7,HR,Master,Chicago,No,9,Not Promoted
John Garcia,60,87775,39,HR,Master,New York,Yes,7,Promoted
Sarah Brown,61,65400,24,Finance,Bachelor,New York,No,5,Promoted
Daniel Wilson,46,34494,8,Finance,PhD,Los Angeles,No,6,Promoted
Sarah Williams,30,110688,1,HR,Master,Chicago,No,3,Promoted
Daniel Johnson,29,119431,14,Finance,Bachelor,San Francisco,No,5,Not Promoted
David Williams,48,104691,2,IT,High School,San Francisco,Yes,8,Not Promoted
Daniel Jones,63,73001,35,Marketing,High School,Houston,Yes,1,Not Promoted
Daniel Martinez,19,97364,3,Marketing,Bachelor,New York,No,1,Promoted
Jane Martinez,52,75028,13,Marketing,Bachelor,Houston,No,7,Not Promoted
Michael Williams,40,67573,24,IT,Master,Los Angeles,Yes,5,Promoted
John Smith,34,30806,9,Finance,High School,San Francisco,Yes,5,Not Promoted
John Martinez,43,86638,20,Sales,Bachelor,New York,Yes,1,Not Promoted
Jessica Jones,25,59757,35,Finance,High School,Los Angeles,Yes,9,Not Promoted
David Martinez,46,64636,11,HR,Bachelor,Los Angeles,No,1,Not Promoted
Michael Brown,43,110097,26,Marketing,High School,New York,No,5,Not Promoted
Robert Martinez,27,78280,39,Finance,PhD,Los Angeles,Yes,9,Promoted
Emily Johnson,43,54262,1,Sales,Master,New York,Yes,4,Not Promoted
John Johnson,51,110435,12,HR,High School,New York,Yes,8,Promoted
John Wilson,58,92211,31,IT,PhD,Chicago,Yes,6,Promoted
Laura Martinez,24,84842,30,IT,High School,Houston,Yes,3,Promoted
Laura Garcia,21,86979,15,Sales,High School,Los Angeles,Yes,4,Promoted
Robert Brown,62,111470,31,HR,PhD,Los Angeles,No,2,Promoted
Jessica Johnson,28,68197,31,Marketing,High School,Chicago,No,1,Promoted
Jane Wilson,46,71844,33,Finance,High School,Chicago,No,8,Promoted
Michael Davis,53,94754,10,HR,Master,Chicago,Yes,1,Promoted
John Garcia,42,64157,9,IT,PhD,San Francisco,Yes,1,Not Promoted
Robert Williams,38,107129,14,Sales,PhD,San Francisco,Yes,4,Not Promoted
David Wilson,53,70042,16,Sales,Bachelor,San Francisco,No,6,Promoted
John Williams,27,91665,39,Finance,High School,New York,Yes,9,Promoted
John Smith,54,112856,17,Sales,Master,Los Angeles,Yes,1,Promoted
Laura Smith,26,57376,8,Sales,High School,Houston,No,7,Not Promoted
Robert Davis,41,85554,24,HR,High School,New York,Yes,5,Not Promoted
Sarah Johnson,52,44199,39,Marketing,Bachelor,Los Angeles,No,8,Promoted
Michael Garcia,52,111412,13,Finance,High School,Los Angeles,No,7,Promoted
Jessica Miller,53,80948,24,HR,Master,Chicago,Yes,4,Not Promoted
Laura Martinez,35,103781,21,Marketing,Master,Chicago,No,4,Not Promoted
Daniel Williams,56,102750,29,HR,Bachelor,New York,Yes,6,Promoted
John Smith,49,96262,19,HR,High School,Chicago,No,6,Promoted
Laura Jones,41,76600,20,Sales,Master,Los Angeles,Yes,9,Promoted
Jane Miller,40,106898,31,Marketing,High School,Chicago,No,5,Promoted
Robert Smith,49,92483,20,Finance,High School,San Francisco,Yes,8,Not Promoted
Emily Garcia,54,48297,34,Finance,High School,Chicago,No,5,Not Promoted
David Davis,29,60448,31,Marketing,Bachelor,Los Angeles,No,2,Promoted
Laura Miller,30,56172,29,Sales,High School,New York,No,6,Promoted
Sarah Davis,40,72874,38,IT,Master,Houston,Yes,9,Promoted
Laura Martinez,42,37657,11,HR,High School,Chicago,Yes,3,Not Promoted
Laura Wilson,52,114386,17,Sales,Master,Los Angeles,No,1,Promoted
Robert Jones,58,55425,20,Marketing,High School,Houston,Yes,1,Promoted
Robert Brown,47,56685,12,HR,Master,Houston,No,3,Promoted
Jane Jones,34,54578,20,Finance,Master,San Francisco,Yes,5,Not Promoted
Sarah Jones,37,58831,7,IT,High School,Houston,No,3,Promoted
Jessica Williams,42,37906,39,Finance,High School,Los Angeles,Yes,9,Not Promoted
Daniel Davis,39,91413,6,Marketing,Master,Los Angeles,No,8,Promoted
Laura Davis,30,84028,22,HR,PhD,Chicago,No,3,Promoted
Jessica Miller,36,37287,31,Marketing,Bachelor,Chicago,No,9,Promoted
Jessica Brown,53,63660,10,HR,PhD,Chicago,No,6,Not Promoted
Laura Wilson,29,105758,21,Sales,PhD,Houston,Yes,7,Promoted
John Miller,58,90504,21,IT,High School,Houston,No,4,Promoted
John Martinez,36,89720,24,Sales,Bachelor,San Francisco,Yes,4,Not Promoted
Jane Johnson,29,64701,21,Sales,PhD,Chicago,Yes,2,Not Promoted
Robert Johnson,26,113300,27,Marketing,High School,New York,No,5,Not Promoted
Laura Garcia,24,47674,28,IT,PhD,San Francisco,Yes,8,Promoted
Emily Davis,45,113560,12,HR,PhD,New York,Yes,7,Not Promoted
Robert Miller,31,53874,17,HR,High School,Houston,Yes,7,Promoted
Laura Martinez,48,73642,1,Finance,High School,San Francisco,No,6,Not Promoted
Daniel Davis,36,95160,28,HR,High School,San Francisco,Yes,3,Not Promoted
Daniel Wilson,64,47602,20,Marketing,Bachelor,Los Angeles,Yes,5,Not Promoted
Michael Brown,33,118801,14,Sales,PhD,Houston,No,1,Promoted
John Jones,22,55931,26,Sales,High School,Houston,No,7,Promoted
Sarah Johnson,52,59192,30,Sales,Master,San Francisco,Yes,9,Promoted
Daniel Brown,29,76542,14,IT,PhD,Houston,No,1,Promoted
Jessica Miller,42,72520,22,HR,Master,San Francisco,Yes,2,Promoted
David Smith,38,94772,23,Marketing,Bachelor,Los Angeles,Yes,3,Promoted
Sarah Brown,53,88762,12,IT,High School,San Francisco,Yes,3,Promoted
John Jones,40,80106,21,Finance,Master,Houston,No,8,Promoted
Emily Johnson,33,111121,36,Marketing,Bachelor,Houston,Yes,7,Promoted
Michael Miller,56,55559,32,Marketing,High School,San Francisco,No,6,Not Promoted
Sarah Martinez,62,63742,2,Marketing,Master,San Francisco,No,4,Not Promoted
David Williams,59,99669,18,Sales,Master,San Francisco,Yes,9,Promoted
Jane Miller,56,110199,22,Marketing,Bachelor,Chicago,No,1,Promoted
Laura Johnson,31,51754,28,HR,High School,Houston,No,2,Promoted
Robert Brown,48,33972,29,Marketing,High School,Houston,No,4,Promoted
Daniel Jones,22,100831,38,Sales,Master,Chicago,No,3,Not Promoted
Jessica Miller,52,71873,24,Marketing,Master,San Francisco,No,1,Not Promoted
Laura Garcia,40,39903,36,Finance,Master,Los Angeles,Yes,5,Promoted
Michael Brown,46,33020,7,Finance,High School,San Francisco,No,7,Not Promoted
David Wilson,60,71755,15,Sales,Bachelor,San Francisco,Yes,2,Not Promoted
Michael Garcia,28,115956,7,HR,Bachelor,Chicago,Yes,5,Promoted
Laura Garcia,35,116988,0,HR,High School,Houston,Yes,6,Promoted
Jane Williams,64,75648,4,IT,PhD,San Francisco,Yes,7,Promoted
Laura Smith,29,39516,2,Sales,Bachelor,Houston,Yes,1,Promoted
Sarah Williams,26,32396,0,Marketing,Master,New York,Yes,7,Not Promoted
Laura Martinez,27,114082,3,Sales,PhD,Houston,No,4,Promoted
Michael Johnson,61,49129,39,IT,PhD,Los Angeles,No,8,Not Promoted
Daniel Martinez,34,31591,34,Sales,Bachelor,Los Angeles,No,4,Promoted
John Miller,55,41303,31,Sales,PhD,San Francisco,Yes,6,Not Promoted
Laura Garcia,24,60561,33,IT,PhD,Houston,No,9,Promoted
Michael Martinez,63,101719,24,HR,Bachelor,San Francisco,No,5,Promoted
Jane Miller,30,116231,9,Marketing,Bachelor,Chicago,No,4,Not Promoted
John Davis,57,37314,20,IT,PhD,Los Angeles,Yes,8,Not Promoted
Michael Davis,59,49623,38,Finance,Master,San Francisco,No,9,Not Promoted
Sarah Martinez,26,97675,26,HR,High School,Chicago,Yes,4,Promoted
David Brown,44,95082,26,Finance,PhD,San Francisco,No,3,Not Promoted
Jessica Miller,19,113624,1,HR,PhD,Houston,Yes,8,Not Promoted
Jane Brown,22,63130,12,Marketing,Master,Houston,Yes,5,Not Promoted
Jessica Wilson,46,81756,8,Marketing,PhD,Houston,Yes,2,Not Promoted
Robert Wilson,54,56292,35,Sales,PhD,Houston,No,9,Not Promoted
Emily Smith,55,116206,21,Finance,High School,New York,No,3,Not Promoted
Daniel Brown,36,99274,25,HR,High School,Chicago,Yes,2,Not Promoted
David Davis,25,32469,11,Marketing,High School,Chicago,No,1,Not Promoted
Robert Brown,62,83947,16,IT,Bachelor,Houston,Yes,8,Not Promoted
Sarah Wilson,18,52534,13,Marketing,Bachelor,New York,Yes,3,Promoted
Robert Garcia,39,93620,13,IT,High School,Houston,No,7,Promoted
Jane Martinez,34,78874,33,HR,High School,New York,No,1,Not Promoted
Robert Garcia,24,79708,19,Marketing,Bachelor,Houston,No,1,Promoted
Emily Miller,42,104553,10,Marketing,Master,Los Angeles,Yes,9,Promoted
Daniel Williams,62,98344,15,HR,PhD,Los Angeles,Yes,8,Not Promoted
David Martinez,21,79138,30,Marketing,PhD,San Francisco,No,3,Not Promoted
John Williams,53,84302,5,IT,High School,Houston,Yes,6,Not Promoted
Robert Martinez,23,77638,18,Marketing,Master,Chicago,No,3,Not Promoted
Laura Miller,48,108249,36,Finance,Bachelor,San Francisco,Yes,4,Not Promoted
Jessica Martinez,36,32719,3,Sales,High School,Los Angeles,No,1,Not Promoted
Laura Williams,61,52890,3,IT,Master,Houston,No,5,Promoted
John Garcia,56,107236,19,Finance,Master,San Francisco,Yes,1,Not Promoted
Jane Smith,44,66509,9,HR,Master,Houston,No,1,Promoted
Robert Wilson,27,72534,23,IT,Bachelor,Los Angeles,No,7,Not Promoted
Daniel Martinez,43,48787,34,Sales,Bachelor,San Francisco,Yes,6,Not Promoted
Michael Miller,36,78845,25,Sales,PhD,Los Angeles,No,2,Promoted
Robert Wilson,56,87932,36,HR,PhD,New York,Yes,2,Not Promoted
Daniel Johnson,20,63062,37,HR,Master,Los Angeles,No,7,Not Promoted
Jessica Davis,62,105713,20,IT,Master,Houston,Yes,1,Promoted
Sarah Johnson,30,117263,39,Marketing,Bachelor,Chicago,No,2,Not Promoted
Jessica Jones,45,90461,38,HR,PhD,Los Angeles,No,8,Promoted
Emily Davis,37,105418,20,Marketing,Master,Chicago,No,6,Not Promoted
Laura Smith,45,96672,9,Finance,PhD,New York,No,2,Not Promoted
Jessica Williams,25,64832,37,Sales,PhD,San Francisco,Yes,7,Promoted
Daniel Smith,58,61966,3,Marketing,Master,San Francisco,Yes,4,Not Promoted
Jane Miller,56,102545,19,Sales,Bachelor,Chicago,Yes,2,Promoted
Laura Smith,18,42987,16,Marketing,Master,San Francisco,Yes,6,Promoted
Sarah Garcia,20,67311,6,Finance,Master,Los Angeles,Yes,9,Promoted
Laura Jones,30,61575,3,HR,PhD,Chicago,Yes,9,Not Promoted
Daniel Miller,45,93852,28,Finance,Master,Houston,Yes,8,Not Promoted
John Miller,42,31007,13,HR,Bachelor,Los Angeles,No,3,Promoted
Emily Miller,50,100981,2,HR,Master,Los Angeles,No,3,Not Promoted
Jessica Miller,55,106242,23,Sales,Bachelor,Los Angeles,No,2,Not Promoted
David Johnson,23,77517,36,Finance,Bachelor,Houston,No,5,Not Promoted
Sarah Wilson,61,59257,15,Marketing,PhD,New York,Yes,4,Promoted
David Wilson,62,117272,3,Finance,High School,San Francisco,Yes,7,Not Promoted
Sarah Johnson,49,72207,23,Sales,High School,Chicago,Yes,4,Promoted
Robert Wilson,62,43281,33,HR,PhD,New York,No,9,Not Promoted
Laura Johnson,64,91246,29,Sales,Master,Chicago,Yes,2,Not Promoted
John Jones,38,31435,17,IT,PhD,San Francisco,No,6,Promoted
John Smith,33,56660,18,IT,Bachelor,Houston,Yes,7,Not Promoted
John Miller,38,35084,30,Marketing,High School,Los Angeles,Yes,4,Promoted
Daniel Wilson,28,112197,18,Sales,PhD,Los Angeles,Yes,6,Not Promoted
John Jones,54,43507,18,Marketing,Master,Houston,Yes,7,Promoted
Daniel Martinez,53,102595,21,Marketing,PhD,New York,No,4,Not Promoted
John Garcia,52,113807,23,IT,High School,New York,No,8,Not Promoted
John Garcia,36,75539,11,Marketing,PhD,Chicago,Yes,9,Not Promoted
John Jones,37,37491,29,IT,PhD,Houston,No,1,Promoted
Jessica Miller,35,80192,37,HR,High School,New York,Yes,7,Promoted
Daniel Smith,64,110395,30,Sales,Bachelor,Houston,Yes,9,Promoted
Daniel Smith,58,93888,35,Marketing,Bachelor,San Francisco,Yes,5,Not Promoted
Laura Wilson,31,103609,18,IT,High School,Los Angeles,Yes,2,Promoted
Michael Smith,32,39077,35,Finance,PhD,Los Angeles,No,6,Promoted
Michael Johnson,48,50953,29,Marketing,High School,Los Angeles,Yes,7,Promoted
Jane Martinez,18,106919,32,HR,Bachelor,Houston,Yes,2,Promoted
Jessica Smith,20,97889,17,HR,Master,Houston,No,2,Promoted
Sarah Smith,33,53821,27,Finance,PhD,Chicago,Yes,1,Promoted
John Williams,40,67567,10,IT,Bachelor,Los Angeles,No,4,Promoted
Jane Brown,28,54860,32,Marketing,PhD,Chicago,Yes,7,Promoted
Daniel Johnson,29,51195,16,IT,High School,Los Angeles,Yes,9,Promoted
Sarah Smith,27,107475,5,HR,Master,Chicago,Yes,3,Promoted
Jane Jones,49,117266,3,IT,High School,Chicago,Yes,7,Not Promoted
Laura Smith,33,51427,19,HR,Master,San Francisco,Yes,7,Not Promoted
Robert Williams,25,57083,26,IT,PhD,Chicago,Yes,7,Promoted
Emily Garcia,55,117046,14,Finance,PhD,Houston,No,2,Not Promoted
Emily Johnson,29,87372,5,Sales,High School,Chicago,Yes,6,Not Promoted
John Garcia,41,74064,13,Finance,Master,Los Angeles,No,2,Promoted
Jessica Martinez,45,37813,10,Finance,Master,Chicago,No,6,Promoted
Emily Smith,25,61598,38,Sales,PhD,New York,Yes,3,Promoted
Daniel Brown,45,57082,8,Sales,High School,Los Angeles,No,2,Not Promoted
Emily Wilson,53,59241,25,Marketing,Master,New York,Yes,6,Promoted
Laura Martinez,43,74569,15,Marketing,PhD,Los Angeles,No,2,Not Promoted
Michael Jones,25,41745,4,Finance,Bachelor,Houston,Yes,5,Promoted
David Wilson,45,56029,9,Finance,High School,Houston,No,2,Not Promoted
Robert Williams,45,43025,2,HR,Bachelor,Houston,No,3,Not Promoted
Sarah Davis,54,44288,12,HR,High School,New York,Yes,3,Promoted
Daniel Williams,58,119186,29,Marketing,PhD,San Francisco,No,6,Promoted
Sarah Miller,53,36540,5,Marketing,Master,Los Angeles,Yes,6,Not Promoted
Emily Davis,44,111958,16,HR,Master,Houston,Yes,3,Not Promoted
John Brown,34,98878,18,HR,Master,Los Angeles,Yes,3,Promoted
Daniel Miller,26,71846,34,IT,High School,New York,Yes,1,Promoted
Emily Jones,50,105932,25,IT,PhD,San Francisco,Yes,7,Not Promoted
Michael Jones,37,47482,4,HR,Bachelor,New York,No,8,Promoted
John Brown,30,53411,28,IT,PhD,Los Angeles,No,2,Not Promoted
Sarah Jones,45,80975,36,Sales,Bachelor,San Francisco,No,4,Promoted
Laura Martinez,46,90545,19,Marketing,High School,San Francisco,Yes,7,Promoted
Sarah Brown,30,108797,20,Marketing,High School,New York,No,8,Promoted
Laura Smith,63,82307,9,HR,Bachelor,Houston,No,1,Not Promoted
Laura Miller,52,33093,4,Finance,Bachelor,Los Angeles,No,4,Promoted
Robert Wilson,23,107258,35,HR,Bachelor,Chicago,No,6,Not Promoted
Jessica Smith,35,52042,5,IT,PhD,Chicago,No,3,Promoted
Sarah Jones,22,82930,25,Finance,Bachelor,New York,Yes,5,Not Promoted
Jane Smith,64,74413,3,IT,High School,Los Angeles,Yes,9,Not Promoted
Jessica Miller,42,63756,38,Sales,High School,Los Angeles,No,3,Promoted
David Martinez,19,83268,38,IT,Master,New York,Yes,5,Not Promoted
Jane Wilson,27,69214,34,Sales,Bachelor,Los Angeles,Yes,8,Not Promoted
Jessica Wilson,47,111871,0,Sales,PhD,Houston,No,6,Not Promoted
Daniel Smith,62,58602,23,IT,PhD,New York,No,4,Not Promoted
Robert Garcia,22,83331,35,IT,PhD,Houston,Yes,8,Promoted
Michael Williams,50,78901,5,Sales,Master,Los Angeles,No,3,Promoted
Michael Davis,18,93416,30,Finance,High School,New York,Yes,3,Promoted
Daniel Brown,35,62196,19,Sales,PhD,Los Angeles,Yes,4,Not Promoted
Emily Garcia,49,35626,23,Marketing,High School,New York,No,9,Not Promoted
Emily Johnson,64,37424,24,Sales,Master,Los Angeles,Yes,5,Promoted
Robert Johnson,28,42857,35,Finance,Bachelor,Houston,Yes,8,Promoted
Jane Johnson,38,49982,20,Marketing,Bachelor,Houston,Yes,6,Not Promoted
John Smith,43,106961,29,HR,Bachelor,Los Angeles,No,3,Promoted
Robert Jones,42,31980,23,HR,PhD,New York,No,8,Promoted
Michael Smith,39,78290,29,Finance,Bachelor,Chicago,No,9,Not Promoted
Laura Miller,44,56431,21,Sales,PhD,Houston,No,8,Promoted
John Martinez,30,114976,27,IT,Master,Houston,Yes,4,Not Promoted
Jane Smith,50,112711,6,Finance,Master,Chicago,No,6,Promoted
Robert Miller,51,56385,34,Marketing,PhD,Los Angeles,No,1,Not Promoted
Emily Jones,58,68158,27,Marketing,High School,New York,No,4,Not Promoted
Sarah Williams,52,53019,13,HR,Bachelor,Los Angeles,No,8,Not Promoted
Michael Wilson,18,48639,9,Marketing,Bachelor,San Francisco,Yes,1,Not Promoted
Jessica Davis,38,115530,15,Finance,Bachelor,Houston,Yes,3,Not Promoted
Daniel Smith,23,51563,15,Marketing,PhD,San Francisco,Yes,1,Promoted
Robert Wilson,45,69341,30,Finance,Master,Houston,No,9,Promoted
Sarah Davis,34,35776,24,IT,Bachelor,Houston,No,2,Promoted
John Jones,22,66444,12,HR,Master,San Francisco,Yes,9,Not Promoted
Michael Jones,48,98916,5,Marketing,Bachelor,San Francisco,No,4,Promoted
Sarah Johnson,22,38711,8,Finance,Bachelor,Los Angeles,No,2,Not Promoted
Sarah Brown,55,104318,35,Sales,PhD,San Francisco,Yes,4,Not Promoted
John Wilson,20,112970,19,HR,High School,Los Angeles,Yes,6,Promoted
Jessica Jones,40,115553,17,IT,PhD,Los Angeles,No,7,Not Promoted
Sarah Wilson,54,60707,20,Finance,Bachelor,Los Angeles,No,3,Promoted
David Williams,54,69110,3,IT,Bachelor,Houston,No,3,Not Promoted
Michael Jones,27,91788,32,IT,High School,Houston,Yes,8,Not Promoted
Sarah Smith,27,112879,26,Marketing,Master,San Francisco,Yes,5,Promoted
Michael Wilson,36,68827,6,Marketing,Master,Houston,Yes,4,Not Promoted
Laura Garcia,34,35655,5,Finance,Bachelor,San Francisco,Yes,7,Promoted
Robert Johnson,38,74859,14,Sales,Master,Houston,No,7,Not Promoted
John Brown,31,83625,17,Finance,Bachelor,New York,Yes,9,Promoted
David Wilson,26,82098,31,Sales,High School,New York,Yes,9,Not Promoted
John Brown,63,45251,10,IT,High School,San Francisco,No,5,Promoted
Michael Jones,18,30526,19,HR,Bachelor,Houston,No,8,Promoted
Michael Martinez,62,98760,23,Finance,High School,Houston,No,1,Not Promoted
John Williams,30,77837,14,Finance,PhD,Los Angeles,Yes,9,Promoted
Laura Wilson,21,41536,6,Sales,PhD,Chicago,No,8,Not Promoted
Sarah Smith,18,58541,20,IT,High School,San Francisco,No,6,Not Promoted
Jane Smith,57,109083,25,IT,Bachelor,Chicago,Yes,3,Promoted
Emily Brown,49,81027,13,Sales,Bachelor,Chicago,Yes,3,Promoted
Robert Jones,51,64531,36,IT,High School,San Francisco,No,8,Promoted
Daniel Davis,45,38712,20,Marketing,Master,Houston,Yes,5,Promoted
Sarah Jones,48,95455,17,HR,PhD,San Francisco,No,7,Promoted
David Jones,25,104744,4,Finance,Master,Chicago,No,5,Not Promoted
Laura Martinez,56,35109,2,HR,Bachelor,Houston,Yes,8,Promoted
Laura Brown,43,79268,22,Finance,Bachelor,New York,No,4,Not Promoted
Emily Garcia,51,84615,25,Marketing,Master,San Francisco,Yes,2,Promoted
Daniel Davis,20,112503,36,IT,High School,San Francisco,Yes,3,Promoted
Michael Smith,29,59759,23,Sales,Master,Houston,Yes,8,Promoted
Sarah Miller,18,115708,18,Marketing,Master,New York,No,7,Not Promoted
Michael Smith,61,90112,24,HR,PhD,New York,Yes,2,Promoted
Emily Smith,22,56589,20,Sales,PhD,Houston,Yes,6,Not Promoted
Daniel Smith,47,60015,11,IT,Master,Los Angeles,No,9,Not Promoted
Emily Smith,47,59009,32,Marketing,Master,San Francisco,No,4,Not Promoted
Robert Brown,34,113309,3,Sales,Bachelor,San Francisco,No,9,Promoted
Emily Davis,64,92046,6,Marketing,PhD,Chicago,No,2,Not Promoted
John Smith,40,56143,21,Marketing,PhD,Houston,Yes,2,Promoted
David Miller,32,36154,32,IT,Bachelor,Chicago,Yes,9,Not Promoted
Daniel Smith,54,51804,16,Finance,High School,Chicago,Yes,7,Promoted
Sarah Wilson,38,71688,23,Sales,PhD,New York,No,7,Not Promoted
Jessica Wilson,31,94288,33,IT,PhD,San Francisco,No,1,Promoted
Daniel Brown,19,81195,27,Marketing,High School,Chicago,Yes,6,Promoted
Jane Williams,28,50581,38,IT,PhD,New York,No,7,Promoted
Jane Smith,56,82648,21,Finance,PhD,Houston,No,6,Not Promoted
Michael Davis,55,60087,16,Sales,High School,Chicago,Yes,6,Not Promoted
John Johnson,51,79930,33,Finance,High School,San Francisco,Yes,2,Promoted
John Garcia,55,62981,5,HR,Master,Chicago,No,6,Not Promoted
David Garcia,51,99298,5,Sales,Bachelor,Houston,No,4,Not Promoted
Michael Davis,35,76167,33,Finance,Bachelor,Chicago,No,9,Not Promoted
Jessica Miller,47,105304,0,Marketing,High School,San Francisco,Yes,1,Not Promoted
Robert Johnson,32,73408,9,Sales,High School,New York,Yes,8,Not Promoted
Jessica Jones,44,69499,20,Sales,PhD,San Francisco,Yes,5,Not Promoted
Robert Smith,51,82269,4,IT,Master,New York,Yes,1,Not Promoted
David Smith,55,68559,1,Marketing,Master,Los Angeles,Yes,4,Promoted
Jessica Williams,50,104319,21,HR,High School,San Francisco,No,1,Promoted
Sarah Johnson,41,78787,1,Finance,PhD,San Francisco,No,6,Not Promoted
David Smith,32,65488,9,IT,PhD,Houston,No,2,Promoted
Daniel Jones,47,104441,33,Finance,Bachelor,Chicago,Yes,5,Promoted
Emily Johnson,59,104663,15,HR,Bachelor,New York,Yes,7,Promoted
Laura Wilson,34,52431,38,HR,PhD,New York,Yes,2,Not Promoted
John Williams,22,91681,21,Sales,Bachelor,Houston,No,6,Not Promoted
Robert Miller,46,93483,11,HR,High School,Houston,Yes,6,Not Promoted
Laura Smith,21,79153,23,Finance,PhD,Chicago,Yes,5,Not Promoted
John Garcia,27,36368,39,Marketing,Bachelor,Chicago,No,5,Not Promoted
Sarah Jones,34,57424,37,Marketing,Master,San Francisco,Yes,3,Promoted
Robert Garcia,27,75004,9,Sales,PhD,Los Angeles,No,2,Not Promoted
Laura Davis,34,113869,34,Finance,PhD,Chicago,Yes,7,Promoted
Jane Williams,37,118652,31,Finance,Master,Houston,Yes,1,Not Promoted
Laura Smith,41,86985,6,HR,High School,Chicago,No,6,Promoted
Laura Martinez,22,80069,20,Finance,Master,New York,No,6,Not Promoted
Michael Brown,51,82326,19,IT,PhD,Los Angeles,No,3,Not Promoted
Laura Martinez,23,111061,25,HR,High School,San Francisco,No,2,Not Promoted
Laura Brown,19,53398,3,IT,Bachelor,New York,No,2,Not Promoted
Jessica Johnson,30,80861,21,Sales,Bachelor,New York,No,9,Not Promoted
Michael Johnson,60,105897,14,Marketing,Bachelor,Los Angeles,Yes,5,Not Promoted
John Johnson,60,111905,39,Sales,PhD,San Francisco,Yes,7,Promoted
Jessica Martinez,28,98577,20,Marketing,Master,Houston,No,5,Not Promoted
Jane Davis,64,95641,14,Sales,High School,San Francisco,Yes,7,Promoted
David Brown,40,39078,21,Finance,Bachelor,Chicago,No,4,Not Promoted
Daniel Miller,33,55003,27,IT,High School,New York,Yes,8,Promoted
John Jones,48,92768,13,Marketing,PhD,Chicago,No,7,Promoted
Robert Williams,28,81047,26,HR,Bachelor,Houston,Yes,5,Promoted
Jessica Wilson,33,101626,39,IT,PhD,Chicago,Yes,6,Promoted
David Martinez,25,87660,27,HR,Master,San Francisco,Yes,5,Promoted
Daniel Martinez,21,79786,25,IT,PhD,Chicago,Yes,7,Promoted
John Johnson,57,31925,1,IT,PhD,Houston,Yes,2,Not Promoted
Michael Williams,21,113976,24,Sales,Master,Houston,No,5,Promoted
Laura Martinez,42,56015,2,Marketing,High School,Houston,No,3,Not Promoted
Laura Miller,20,63320,7,Marketing,Master,San Francisco,No,9,Not Promoted
John Martinez,49,94881,32,IT,Master,Houston,Yes,6,Promoted
Emily Williams,20,56289,34,Finance,PhD,New York,No,3,Promoted
Sarah Brown,44,33389,5,Finance,High School,Houston,Yes,7,Not Promoted
Robert Brown,46,55683,38,HR,Bachelor,Chicago,Yes,4,Promoted
Jane Wilson,49,43629,22,HR,Master,Chicago,Yes,3,Promoted
Jessica Williams,36,91550,24,Sales,High School,Chicago,No,8,Promoted
Jessica Smith,38,54826,18,IT,Master,San Francisco,Yes,4,Promoted
David Martinez,22,56630,4,HR,Master,Chicago,No,1,Promoted
John Williams,35,76163,10,HR,Master,San Francisco,No,6,Promoted
Emily Wilson,45,96435,11,IT,Master,San Francisco,Yes,1,Promoted
Jessica Brown,59,41653,9,Sales,PhD,Houston,Yes,5,Not Promoted
David Davis,39,57961,7,HR,High School,New York,No,7,Promoted
John Davis,38,111941,23,Sales,High School,Houston,No,6,Not Promoted
Jessica Garcia,23,104137,27,Marketing,High School,Houston,No,2,Not Promoted
Daniel Miller,18,63662,35,Sales,Master,San Francisco,No,4,Not Promoted
Emily Johnson,22,86446,36,Finance,PhD,San Francisco,No,2,Not Promoted
Michael Williams,58,51288,20,Finance,Master,Chicago,No,1,Promoted
Sarah Garcia,29,66877,7,Sales,Master,Chicago,Yes,3,Not Promoted
John Wilson,43,45313,8,Finance,High School,Houston,No,3,Not Promoted
Sarah Williams,63,110885,14,Marketing,Master,Los Angeles,No,7,Not Promoted
John Brown,51,102715,39,IT,Bachelor,Los Angeles,No,1,Not Promoted
David Miller,31,40326,17,Finance,Master,Chicago,No,9,Not Promoted
Daniel Martinez,43,31560,19,Finance,Bachelor,Los Angeles,Yes,6,Promoted
Daniel Smith,62,109148,5,Sales,Master,Chicago,Yes,4,Promoted
Daniel Garcia,44,113186,11,Marketing,PhD,San Francisco,No,3,Not Promoted
Jane Smith,26,56745,1,IT,PhD,Houston,No,3,Promoted
John Miller,43,61890,6,Sales,High School,New York,No,2,Promoted
Daniel Davis,64,50022,15,Sales,Master,Houston,Yes,2,Not Promoted
David Johnson,39,82579,2,Marketing,Bachelor,Chicago,Yes,5,Not Promoted
John Johnson,64,100316,2,IT,Bachelor,Chicago,Yes,9,Not Promoted
John Brown,47,113847,26,Marketing,Master,Houston,Yes,2,Promoted
Emily Garcia,60,58380,39,IT,Bachelor,Chicago,Yes,2,Not Promoted
Michael Wilson,34,32356,37,Marketing,PhD,Los Angeles,Yes,6,Promoted
Daniel Wilson,43,100326,32,Sales,Bachelor,Los Angeles,No,2,Promoted
David Davis,53,119899,27,Sales,High School,Chicago,Yes,4,Promoted
Jessica Brown,18,50049,0,HR,PhD,Chicago,Yes,6,Not Promoted
Jane Johnson,25,105717,7,Finance,PhD,Los Angeles,No,5,Promoted
David Smith,52,46082,36,Marketing,PhD,Chicago,Yes,1,Not Promoted
Jane Martinez,32,30661,31,HR,Master,Chicago,No,6,Not Promoted
Robert Miller,64,67412,36,Finance,Master,Houston,Yes,1,Not Promoted
Daniel Davis,39,32920,3,Marketing,PhD,New York,No,3,Not Promoted
David Martinez,31,90315,29,IT,Master,Los Angeles,No,5,Not Promoted
Emily Miller,43,109561,5,Finance,Bachelor,Houston,No,5,Promoted
Sarah Smith,45,38946,18,Sales,Master,New York,No,6,Promoted
David Martinez,40,75500,31,HR,Master,Chicago,No,8,Promoted
Jessica Garcia,31,46309,8,Finance,PhD,Chicago,Yes,5,Promoted
David Martinez,41,85230,11,Finance,High School,Houston,Yes,1,Promoted
Michael Brown,19,60027,10,Sales,High School,Chicago,No,5,Not Promoted
John Martinez,62,102541,15,Marketing,High School,San Francisco,No,3,Not Promoted
Emily Johnson,43,89321,0,IT,Bachelor,Houston,No,4,Promoted
Jessica Martinez,31,30956,20,Sales,Master,New York,Yes,8,Promoted
Daniel Johnson,24,104131,29,IT,High School,Houston,No,7,Promoted
Jane Davis,20,77908,12,Marketing,PhD,Los Angeles,No,5,Not Promoted
Sarah Smith,64,108339,33,Finance,High School,Houston,No,2,Not Promoted
Jessica Johnson,40,55963,3,IT,High School,Chicago,No,6,Not Promoted
Michael Jones,63,69443,27,HR,Master,Chicago,Yes,6,Promoted
Michael Davis,60,69063,37,HR,Master,San Francisco,No,6,Promoted
Robert Johnson,64,110818,30,Sales,Master,San Francisco,No,9,Promoted
Robert Miller,62,34703,26,Marketing,Bachelor,San Francisco,Yes,8,Promoted
Laura Martinez,35,95128,4,Sales,Bachelor,New York,No,8,Not Promoted
Daniel Johnson,55,102099,24,Sales,High School,San Francisco,No,1,Promoted
Robert Jones,52,55849,2,Sales,Master,New York,Yes,5,Promoted
Emily Smith,32,61860,32,HR,High School,San Francisco,Yes,7,Promoted
Robert Miller,42,61585,3,HR,PhD,New York,Yes,6,Not Promoted
Sarah Smith,54,52015,24,Sales,PhD,Houston,No,5,Not Promoted
Daniel Williams,45,107539,19,HR,Master,Houston,No,8,Promoted
Jane Garcia,27,73585,33,Marketing,Master,Chicago,Yes,3,Not Promoted
Jane Jones,56,56958,25,Sales,PhD,New York,Yes,6,Not Promoted
Emily Garcia,34,56017,4,HR,Master,Los Angeles,Yes,5,Not Promoted
John Smith,56,106707,34,IT,Bachelor,Chicago,No,8,Not Promoted
Sarah Jones,39,75350,27,Sales,Bachelor,Houston,No,4,Not Promoted
Daniel Davis,43,42201,28,Sales,Master,New York,Yes,8,Promoted
Robert Garcia,61,59426,8,Marketing,PhD,San Francisco,No,2,Promoted
David Jones,42,47778,37,Finance,High School,Los Angeles,Yes,9,Promoted
John Martinez,34,75241,5,Finance,Master,Houston,No,9,Not Promoted
Emily Martinez,30,72229,18,Marketing,Master,Chicago,No,6,Not Promoted
Michael Jones,37,116652,10,Marketing,High School,New York,No,4,Not Promoted
Jane Wilson,42,78364,1,Marketing,Master,Los Angeles,No,4,Not Promoted
David Garcia,21,114878,8,Finance,High School,New York,Yes,6,Promoted
Jane Garcia,27,87056,20,Marketing,PhD,San Francisco,No,5,Promoted
Sarah Wilson,20,57490,23,HR,Bachelor,Chicago,No,6,Promoted
Laura Smith,58,49975,33,Sales,PhD,New York,Yes,7,Promoted
David Smith,62,56723,21,Sales,Bachelor,Houston,No,7,Promoted
Robert Garcia,35,53279,2,IT,High School,Chicago,Yes,9,Promoted
Michael Brown,64,108301,11,IT,Bachelor,Houston,Yes,8,Not Promoted
Robert Williams,53,41561,27,Sales,PhD,New York,No,6,Not Promoted
Michael Garcia,64,96061,29,HR,Bachelor,Chicago,No,6,Promoted
Michael Davis,39,118397,25,Finance,High School,Houston,Yes,5,Not Promoted
Jane Smith,51,79153,20,Finance,Bachelor,San Francisco,Yes,1,Promoted
Emily Garcia,64,63142,27,HR,Master,San Francisco,Yes,9,Promoted
John Wilson,25,56916,25,Finance,PhD,New York,No,9,Not Promoted
Daniel Brown,57,94324,32,Marketing,Master,Chicago,Yes,9,Promoted
Michael Williams,61,74965,20,Sales,High School,Los Angeles,Yes,8,Promoted
John Martinez,36,34648,34,Sales,Bachelor,Chicago,Yes,3,Promoted
Michael Wilson,59,65133,33,HR,Master,San Francisco,No,1,Not Promoted
Sarah Smith,58,80677,17,Finance,Master,Houston,Yes,8,Not Promoted
Sarah Smith,54,100135,10,IT,Bachelor,Los Angeles,No,7,Not Promoted
David Jones,23,65046,22,IT,Bachelor,New York,No,5,Not Promoted
Robert Garcia,43,77064,21,Finance,PhD,Los Angeles,Yes,7,Promoted
Sarah Davis,51,99350,16,IT,Master,New York,No,4,Not Promoted
Sarah Brown,62,75893,4,HR,Master,Los Angeles,Yes,9,Not Promoted
Emily Williams,23,91272,10,HR,High School,New York,No,2,Not Promoted
Michael Martinez,54,97649,29,Finance,PhD,New York,No,9,Promoted
David Davis,50,94674,14,IT,High School,Los Angeles,Yes,9,Not Promoted
Emily Wilson,39,43760,26,HR,Master,Los Angeles,Yes,5,Not Promoted
David Davis,38,51927,34,HR,High School,New York,Yes,1,Promoted
Emily Wilson,23,116475,32,Marketing,Master,San Francisco,No,7,Promoted
Jane Brown,23,91367,19,Marketing,Master,Los Angeles,No,4,Promoted
Jane Brown,21,42588,15,HR,High School,Chicago,Yes,9,Promoted
John Garcia,47,82233,33,Finance,High School,Houston,Yes,6,Not Promoted
Emily Johnson,28,74738,1,Sales,Bachelor,New York,No,3,Promoted
Jessica Miller,47,63397,34,Sales,Bachelor,New York,No,6,Not Promoted
Robert Smith,48,112189,39,HR,Bachelor,Houston,No,6,Not Promoted
Robert Brown,41,106367,27,HR,Master,San Francisco,Yes,5,Not Promoted
Jessica Miller,26,101260,38,HR,High School,Houston,No,2,Not Promoted
Sarah Garcia,20,106619,5,Finance,PhD,Los Angeles,Yes,2,Not Promoted
Daniel Wilson,48,49816,8,Marketing,Master,Houston,No,7,Promoted
Jane Miller,57,72240,19,HR,PhD,New York,No,2,Not Promoted
David Jones,54,36276,0,HR,High School,Houston,Yes,6,Not Promoted
Laura Brown,53,109530,7,IT,Master,Chicago,Yes,5,Not Promoted
Jessica Garcia,41,53499,22,Finance,PhD,Los Angeles,Yes,4,Promoted
David Garcia,48,118576,2,HR,PhD,Houston,No,7,Not Promoted
Laura Garcia,23,112495,3,IT,Bachelor,New York,No,8,Not Promoted
Michael Johnson,19,101635,24,Sales,Bachelor,Los Angeles,No,4,Promoted
Daniel Johnson,37,115112,37,HR,Bachelor,New York,Yes,1,Not Promoted
Daniel Williams,45,65946,14,HR,Master,San Francisco,No,1,Not Promoted
Jane Wilson,28,85204,20,IT,High School,Chicago,Yes,1,Promoted
John Williams,21,81886,34,Finance,High School,San Francisco,Yes,1,Not Promoted
Daniel Martinez,32,101652,13,HR,Bachelor,Chicago,Yes,5,Not Promoted
Sarah Martinez,23,45563,35,Sales,Bachelor,Houston,No,4,Not Promoted
Emily Smith,47,39847,11,HR,Bachelor,Los Angeles,No,9,Not Promoted
Laura Miller,55,56155,16,Sales,PhD,Houston,Yes,3,Not Promoted
Daniel Johnson,19,109671,38,Marketing,Bachelor,Chicago,No,7,Promoted
Emily Johnson,32,113310,8,Marketing,PhD,Chicago,Yes,8,Promoted
Sarah Garcia,28,97278,34,Sales,High School,Chicago,Yes,6,Promoted
Robert Martinez,25,48309,12,Finance,Master,New York,No,1,Not Promoted
Robert Smith,43,30619,14,HR,Master,Los Angeles,Yes,8,Not Promoted
Jane Miller,62,113194,17,HR,Master,Houston,Yes,3,Not Promoted
Robert Brown,61,80108,32,Marketing,Master,Houston,No,8,Promoted
Daniel Davis,22,64707,5,Sales,PhD,San Francisco,Yes,4,Not Promoted
Emily Miller,23,50337,26,HR,PhD,Chicago,Yes,8,Not Promoted
John Jones,43,111537,22,HR,Bachelor,Chicago,Yes,1,Not Promoted
Laura Brown,21,96504,26,Finance,PhD,Chicago,Yes,3,Promoted
Robert Wilson,36,77614,33,IT,Bachelor,Houston,Yes,6,Promoted
Michael Jones,37,30281,37,Marketing,Bachelor,San Francisco,Yes,9,Not Promoted
Robert Brown,50,57420,13,Marketing,Master,New York,Yes,2,Not Promoted
Laura Johnson,37,110896,35,IT,PhD,Los Angeles,No,1,Not Promoted
Emily Garcia,29,69030,7,HR,PhD,New York,No,3,Promoted
Sarah Martinez,64,31058,34,Finance,Bachelor,Houston,Yes,4,Promoted
Jessica Davis,18,116213,18,Finance,Bachelor,Chicago,Yes,5,Promoted
Robert Brown,43,106260,29,Marketing,High School,Los Angeles,No,3,Not Promoted
Emily Jones,31,58404,13,Finance,High School,Houston,No,2,Promoted
John Brown,55,59856,19,IT,Bachelor,Houston,No,2,Not Promoted
John Williams,54,39200,24,HR,High School,Houston,No,7,Not Promoted
Laura Brown,28,94178,39,IT,High School,Los Angeles,No,9,Promoted
Sarah Martinez,53,63997,23,Sales,Bachelor,Los Angeles,Yes,2,Not Promoted
Michael Miller,30,55611,13,Marketing,Bachelor,San Francisco,No,7,Promoted
Emily Davis,60,71235,25,Finance,PhD,San Francisco,No,7,Not Promoted
Daniel Davis,20,65057,37,Sales,Bachelor,New York,No,7,Not Promoted
John Garcia,50,31239,22,Finance,Bachelor,Los Angeles,Yes,3,Promoted
David Martinez,23,95661,21,HR,Master,Los Angeles,Yes,7,Not Promoted
Laura Jones,27,75272,18,HR,PhD,Los Angeles,Yes,1,Not Promoted
David Johnson,22,119393,2,HR,PhD,San Francisco,Yes,1,Not Promoted
Michael Wilson,40,91212,18,Finance,PhD,Houston,Yes,5,Not Promoted
Daniel Davis,27,45398,8,Sales,Master,Chicago,Yes,2,Not Promoted
John Brown,61,86503,27,HR,Bachelor,San Francisco,No,9,Not Promoted
Jane Smith,19,36638,19,Sales,PhD,Los Angeles,Yes,7,Not Promoted
